{
	 "rootnode": {
		 "name": "plano.obj"
		,"transformation": [
			 1
			,0
			,0
			,0
			,0
			,1
			,0
			,0
			,0
			,0
			,1
			,0
			,0
			,0
			,0
			,1
		]
		,"children": [
			{
				 "name": "plano_Cube.001"
				,"transformation": [
					 1
					,0
					,0
					,0
					,0
					,1
					,0
					,0
					,0
					,0
					,1
					,0
					,0
					,0
					,0
					,1
				]
				,"meshes": [
					 0
				]
			}
		]
	}
	,"flags": 8
	,"meshes": [
		{
			 "name": ""
			,"materialindex": 1
			,"primitivetypes": 4
			,"vertices": [
				 -1.72583
				,0.010102
				,2.77945
				,-1.72583
				,0.010102
				,-2.72191
				,1.73542
				,0.010102
				,-2.72191
				,1.73542
				,0.010102
				,2.77945
				,1.68994
				,0.052216
				,2.70717
				,1.68994
				,0.052216
				,-2.64962
				,1.68994
				,0.015783
				,-2.64962
				,1.68994
				,0.015783
				,2.70717
				,-1.72583
				,0.010102
				,-2.72191
				,-1.72583
				,0.010102
				,2.77945
				,-1.72583
				,0.052216
				,2.77945
				,-1.72583
				,0.052216
				,-2.72191
				,1.73542
				,0.010102
				,-2.72191
				,-1.72583
				,0.010102
				,-2.72191
				,-1.72583
				,0.052216
				,-2.72191
				,1.73542
				,0.052216
				,-2.72191
				,-1.72583
				,0.010102
				,2.77945
				,1.73542
				,0.010102
				,2.77945
				,1.73542
				,0.052216
				,2.77945
				,-1.72583
				,0.052216
				,2.77945
				,1.73542
				,0.010102
				,2.77945
				,1.73542
				,0.010102
				,-2.72191
				,1.73542
				,0.052216
				,-2.72191
				,1.73542
				,0.052216
				,2.77945
				,-1.68035
				,0.052216
				,2.70717
				,-1.68035
				,0.052216
				,-2.64962
				,-1.72583
				,0.052216
				,-2.72191
				,-1.72583
				,0.052216
				,2.77945
				,1.68994
				,0.052216
				,2.70717
				,1.73542
				,0.052216
				,2.77945
				,1.68994
				,0.052216
				,-2.64962
				,1.73542
				,0.052216
				,-2.72191
				,-1.68035
				,0.015783
				,2.70717
				,1.68994
				,0.015783
				,2.70717
				,1.68994
				,0.015783
				,-2.64962
				,-1.68035
				,0.015783
				,-2.64962
				,-1.68035
				,0.052216
				,-2.64962
				,-1.68035
				,0.052216
				,2.70717
				,-1.68035
				,0.015783
				,2.70717
				,-1.68035
				,0.015783
				,-2.64962
				,1.68994
				,0.052216
				,-2.64962
				,-1.68035
				,0.052216
				,-2.64962
				,-1.68035
				,0.015783
				,-2.64962
				,1.68994
				,0.015783
				,-2.64962
				,-1.68035
				,0.052216
				,2.70717
				,1.68994
				,0.052216
				,2.70717
				,1.68994
				,0.015783
				,2.70717
				,-1.68035
				,0.015783
				,2.70717
			]
			,"normals": [
				 0
				,-1
				,0
				,0
				,-1
				,0
				,0
				,-1
				,0
				,0
				,-1
				,0
				,-1
				,0
				,0
				,-1
				,0
				,0
				,-1
				,0
				,0
				,-1
				,0
				,0
				,-1
				,0
				,0
				,-1
				,0
				,0
				,-1
				,0
				,0
				,-1
				,0
				,0
				,0
				,0
				,-1
				,0
				,0
				,-1
				,0
				,0
				,-1
				,0
				,0
				,-1
				,0
				,0
				,1
				,0
				,0
				,1
				,0
				,0
				,1
				,0
				,0
				,1
				,1
				,0
				,0
				,1
				,0
				,0
				,1
				,0
				,0
				,1
				,0
				,0
				,0
				,1
				,0
				,0
				,1
				,0
				,0
				,1
				,0
				,0
				,1
				,0
				,0
				,1
				,0
				,0
				,1
				,0
				,0
				,1
				,0
				,0
				,1
				,0
				,0
				,1
				,0
				,0
				,1
				,0
				,0
				,1
				,0
				,0
				,1
				,0
				,1
				,0
				,0
				,1
				,0
				,0
				,1
				,0
				,0
				,1
				,0
				,0
				,0
				,0
				,1
				,0
				,0
				,1
				,0
				,0
				,1
				,0
				,0
				,1
				,0
				,0
				,-1
				,0
				,0
				,-1
				,0
				,0
				,-1
				,0
				,0
				,-1
			]
			,"tangents": [
				 -0.00210602
				,0
				,-0.999998
				,-0.00210373
				,0
				,-0.999998
				,-0.00210602
				,0
				,-0.999998
				,-0.00210602
				,0
				,-0.999998
				,0
				,-1
				,0
				,0
				,-1
				,0
				,0
				,-1
				,0
				,0
				,-1
				,0
				,0
				,1
				,0
				,0
				,1
				,0
				,0
				,1
				,0
				,0
				,1
				,0
				,0
				,1
				,0
				,0
				,1
				,0
				,0
				,1
				,0
				,0
				,1
				,0
				,0
				,-1
				,0
				,0
				,-1
				,0
				,0
				,-1
				,0
				,0
				,-1
				,0
				,0
				,-1
				,0
				,0
				,-1
				,0
				,0
				,-1
				,0
				,0
				,-1
				,0
				,-0.00204783
				,0
				,-0.999998
				,-0.00210108
				,0
				,-0.999998
				,-0.00209982
				,0
				,-0.999998
				,-0.00209543
				,0
				,-0.999998
				,-0.0020872
				,0
				,-0.999998
				,-0.00208712
				,0
				,-0.999998
				,-0.00210915
				,0
				,-0.999998
				,-0.00210095
				,0
				,-0.999998
				,1
				,0
				,0
				,1
				,0
				,0
				,1
				,0
				,0
				,1
				,0
				,0
				,0
				,1
				,0
				,0
				,1
				,0
				,0
				,1
				,0
				,0
				,1
				,0
				,0
				,-1
				,0
				,0
				,-1
				,0
				,0
				,-1
				,0
				,0
				,-1
				,0
				,0
				,1
				,0
				,0
				,1
				,0
				,0
				,1
				,0
				,0
				,1
				,0
			]
			,"bitangents": [
				 0.999795
				,0
				,-0.0202657
				,0.999795
				,0
				,-0.0202427
				,0.999795
				,0
				,-0.0202657
				,0.999795
				,0
				,-0.0202657
				,0
				,-1
				,0
				,0
				,-1
				,0
				,0
				,-1
				,0
				,0
				,-1
				,0
				,0
				,-1
				,0
				,0
				,-1
				,0
				,0
				,-1
				,0
				,0
				,-1
				,0
				,0
				,1
				,0
				,0
				,1
				,0
				,0
				,1
				,0
				,0
				,1
				,0
				,0
				,-1
				,0
				,0
				,-1
				,0
				,0
				,-1
				,0
				,0
				,-1
				,0
				,0
				,1
				,0
				,0
				,1
				,0
				,0
				,1
				,0
				,0
				,1
				,0
				,0.999793
				,0
				,-0.0203507
				,0.999799
				,0
				,-0.0200318
				,0.999793
				,0
				,-0.0203503
				,0.999793
				,0
				,-0.020351
				,0.999786
				,0
				,-0.0207064
				,0.999794
				,0
				,-0.0203144
				,0.999792
				,0
				,-0.0203797
				,0.999792
				,0
				,-0.0203797
				,0
				,0
				,1
				,0
				,0
				,1
				,0
				,0
				,1
				,0
				,0
				,1
				,0
				,1
				,0
				,0
				,1
				,0
				,0
				,1
				,0
				,0
				,1
				,0
				,0
				,1
				,0
				,0
				,1
				,0
				,0
				,1
				,0
				,0
				,1
				,0
				,0
				,-1
				,0
				,0
				,-1
				,0
				,0
				,-1
				,0
				,0
				,-1
				,0
			]
			,"numuvcomponents": [
				 2
			]
			,"texturecoords": [
				[
					 0.877339
					,0.695773
					,0.946262
					,0.694895
					,0.945384
					,0.432302
					,0.87646
					,0.433181
					,0.857386
					,0.267006
					,0.969068
					,0.276215
					,0.969068
					,0.276215
					,0.857386
					,0.267006
					,0.946262
					,0.694895
					,0.877339
					,0.695773
					,0.877339
					,0.695773
					,0.946262
					,0.694895
					,0.945384
					,0.432302
					,0.946262
					,0.694895
					,0.946262
					,0.694895
					,0.945384
					,0.432302
					,0.877339
					,0.695773
					,0.87646
					,0.433181
					,0.87646
					,0.433181
					,0.877339
					,0.695773
					,0.87646
					,0.433181
					,0.945384
					,0.432302
					,0.945384
					,0.432302
					,0.87646
					,0.433181
					,0.878233
					,0.692312
					,0.945345
					,0.691456
					,0.946262
					,0.694895
					,0.877339
					,0.695773
					,0.877378
					,0.43662
					,0.87646
					,0.433181
					,0.94449
					,0.435764
					,0.945384
					,0.432302
					,0.026604
					,0.122382
					,0.791691
					,0.122382
					,0.791691
					,0.88747
					,0.026604
					,0.88747
					,0.95986
					,0.701715
					,0.848177
					,0.692507
					,0.848177
					,0.692507
					,0.95986
					,0.701715
					,0.969068
					,0.276215
					,0.95986
					,0.701715
					,0.95986
					,0.701715
					,0.969068
					,0.276215
					,0.848177
					,0.692507
					,0.857386
					,0.267006
					,0.857386
					,0.267006
					,0.848177
					,0.692507
				]
			]
			,